ip.src,ip.dst,tcp.flags,tcp.time_delta,tcp.len,mqtt.conack.flags,mqtt.conack.flags.reserved,mqtt.conack.flags.sp,mqtt.conack.val,mqtt.conflag.cleansess,mqtt.conflag.passwd,mqtt.conflag.qos,mqtt.conflag.reserved,mqtt.conflag.retain,mqtt.conflag.uname,mqtt.conflag.willflag,mqtt.conflags,mqtt.dupflag,mqtt.hdrflags,mqtt.kalive,mqtt.len,mqtt.msg,mqtt.msgid,mqtt.msgtype,mqtt.proto_len,mqtt.protoname,mqtt.qos,mqtt.retain,mqtt.sub.qos,mqtt.suback.qos,mqtt.ver,mqtt.willmsg,mqtt.willmsg_len,mqtt.willtopic,mqtt.willtopic_len,timestamp
10.0.0.1,10.0.0.10,0x0002,0.000000000,0,,,,,,,,,,,,,,,,,,,,,,,,,,,,,,,2026-04-30T10:53:55.180216
10.0.0.10,10.0.0.1,0x0012,0.000014743,0,,,,,,,,,,,,,,,,,,,,,,,,,,,,,,,2026-04-30T10:53:55.180402
10.0.0.1,10.0.0.10,0x0010,0.001294693,0,,,,,,,,,,,,,,,,,,,,,,,,,,,,,,,2026-04-30T10:53:55.180480
10.0.0.1,10.0.0.10,0x0018,0.000030445,58,,,,,True,True,0,False,False,True,False,0xc2,,0x10,60,56,,,1,4,MQTT,,,,,4,,,,,2026-04-30T10:53:55.181425
10.0.0.10,10.0.0.1,0x0010,0.000003870,0,,,,,,,,,,,,,,,,,,,,,,,,,,,,,,,2026-04-30T10:53:55.181614
10.0.0.10,10.0.0.1,0x0018,0.000180249,4,0x00,False,False,5,,,,,,,,,,0x20,,2,,,2,,,,,,,,,,,,2026-04-30T10:53:55.181683
10.0.0.10,10.0.0.1,0x0011,0.000031854,0,,,,,,,,,,,,,,,,,,,,,,,,,,,,,,,2026-04-30T10:53:55.181735
10.0.0.1,10.0.0.10,0x0018,0.001615406,78,,,,,,,,,,,,,False,0x32,,76,7b22646576696365223a202231302e302e302e31222c20227473223a20313737373532313233342c202274656d7065726174757265223a2033312e32337d,1,3,,,1,False,,,,,,,,2026-04-30T10:53:55.181782
10.0.0.10,10.0.0.1,0x0004,0.000013514,0,,,,,,,,,,,,,,,,,,,,,,,,,,,,,,,2026-04-30T10:53:55.181820
10.0.0.1,10.0.0.10,0x0010,0.000024807,0,,,,,,,,,,,,,,,,,,,,,,,,,,,,,,,2026-04-30T10:53:55.181851
10.0.0.10,10.0.0.1,0x0004,0.000004861,0,,,,,,,,,,,,,,,,,,,,,,,,,,,,,,,2026-04-30T10:53:55.181881
10.0.0.1,10.0.0.10,0x0011,0.000021126,0,,,,,,,,,,,,,,,,,,,,,,,,,,,,,,,2026-04-30T10:53:55.181910
10.0.0.10,10.0.0.1,0x0004,0.000002847,0,,,,,,,,,,,,,,,,,,,,,,,,,,,,,,,2026-04-30T10:53:55.181955
10.0.0.1,10.0.0.10,0x0002,0.000000000,0,,,,,,,,,,,,,,,,,,,,,,,,,,,,,,,2026-04-30T10:53:56.203890
10.0.0.10,10.0.0.1,0x0012,0.000046041,0,,,,,,,,,,,,,,,,,,,,,,,,,,,,,,,2026-04-30T10:53:56.204050
10.0.0.1,10.0.0.10,0x0010,0.000038878,0,,,,,,,,,,,,,,,,,,,,,,,,,,,,,,,2026-04-30T10:53:56.204101
10.0.0.1,10.0.0.10,0x0018,0.000428997,58,,,,,True,True,0,False,False,True,False,0xc2,,0x10,60,56,,,1,4,MQTT,,,,,4,,,,,2026-04-30T10:53:56.206183
10.0.0.10,10.0.0.1,0x0010,0.000022540,0,,,,,,,,,,,,,,,,,,,,,,,,,,,,,,,2026-04-30T10:53:56.206323
10.0.0.10,10.0.0.1,0x0018,0.000077706,4,0x00,False,False,5,,,,,,,,,,0x20,,2,,,2,,,,,,,,,,,,2026-04-30T10:53:56.206372
10.0.0.1,10.0.0.10,0x0010,0.000053981,0,,,,,,,,,,,,,,,,,,,,,,,,,,,,,,,2026-04-30T10:53:56.206410
10.0.0.10,10.0.0.1,0x0011,0.000062733,0,,,,,,,,,,,,,,,,,,,,,,,,,,,,,,,2026-04-30T10:53:56.206444
10.0.0.1,10.0.0.10,0x0011,0.000241036,0,,,,,,,,,,,,,,,,,,,,,,,,,,,,,,,2026-04-30T10:53:56.206496
10.0.0.10,10.0.0.1,0x0010,0.000030792,0,,,,,,,,,,,,,,,,,,,,,,,,,,,,,,,2026-04-30T10:53:56.206529
10.0.0.1,10.0.0.10,0x0002,0.000000000,0,,,,,,,,,,,,,,,,,,,,,,,,,,,,,,,2026-04-30T10:53:57.995806
10.0.0.10,10.0.0.1,0x0012,0.000041996,0,,,,,,,,,,,,,,,,,,,,,,,,,,,,,,,2026-04-30T10:53:57.995945
10.0.0.1,10.0.0.10,0x0010,0.000030842,0,,,,,,,,,,,,,,,,,,,,,,,,,,,,,,,2026-04-30T10:53:57.995994
10.0.0.1,10.0.0.10,0x0018,0.000186531,58,,,,,True,True,0,False,False,True,False,0xc2,,0x10,60,56,,,1,4,MQTT,,,,,4,,,,,2026-04-30T10:53:57.996137
10.0.0.10,10.0.0.1,0x0010,0.000009855,0,,,,,,,,,,,,,,,,,,,,,,,,,,,,,,,2026-04-30T10:53:57.996230
10.0.0.10,10.0.0.1,0x0018,0.000165699,4,0x00,False,False,5,,,,,,,,,,0x20,,2,,,2,,,,,,,,,,,,2026-04-30T10:53:57.998160
10.0.0.1,10.0.0.10,0x0010,0.000029776,0,,,,,,,,,,,,,,,,,,,,,,,,,,,,,,,2026-04-30T10:53:57.998296
10.0.0.10,10.0.0.1,0x0011,0.000046668,0,,,,,,,,,,,,,,,,,,,,,,,,,,,,,,,2026-04-30T10:53:57.998341
10.0.0.1,10.0.0.10,0x0011,0.000319946,0,,,,,,,,,,,,,,,,,,,,,,,,,,,,,,,2026-04-30T10:53:57.998377
10.0.0.10,10.0.0.1,0x0010,0.000030444,0,,,,,,,,,,,,,,,,,,,,,,,,,,,,,,,2026-04-30T10:53:57.998411
10.0.0.1,10.0.0.10,0x0002,0.000000000,0,,,,,,,,,,,,,,,,,,,,,,,,,,,,,,,2026-04-30T10:54:02.091324
10.0.0.10,10.0.0.1,0x0012,0.000042777,0,,,,,,,,,,,,,,,,,,,,,,,,,,,,,,,2026-04-30T10:54:02.091444
10.0.0.1,10.0.0.10,0x0010,0.000031222,0,,,,,,,,,,,,,,,,,,,,,,,,,,,,,,,2026-04-30T10:54:02.091528
10.0.0.1,10.0.0.10,0x0018,0.000221062,58,,,,,True,True,0,False,False,True,False,0xc2,,0x10,60,56,,,1,4,MQTT,,,,,4,,,,,2026-04-30T10:54:02.091582
10.0.0.10,10.0.0.1,0x0010,0.000009936,0,,,,,,,,,,,,,,,,,,,,,,,,,,,,,,,2026-04-30T10:54:02.091627
10.0.0.10,10.0.0.1,0x0018,0.000218181,4,0x00,False,False,5,,,,,,,,,,0x20,,2,,,2,,,,,,,,,,,,2026-04-30T10:54:02.091670
10.0.0.1,10.0.0.10,0x0010,0.000037739,0,,,,,,,,,,,,,,,,,,,,,,,,,,,,,,,2026-04-30T10:54:02.091718
10.0.0.10,10.0.0.1,0x0011,0.000045232,0,,,,,,,,,,,,,,,,,,,,,,,,,,,,,,,2026-04-30T10:54:02.091760
10.0.0.1,10.0.0.10,0x0011,0.000274695,0,,,,,,,,,,,,,,,,,,,,,,,,,,,,,,,2026-04-30T10:54:02.091797
10.0.0.10,10.0.0.1,0x0010,0.000038164,0,,,,,,,,,,,,,,,,,,,,,,,,,,,,,,,2026-04-30T10:54:02.091835
10.0.0.2,10.0.0.10,0x0002,0.000000000,0,,,,,,,,,,,,,,,,,,,,,,,,,,,,,,,2026-04-30T10:54:07.985681
10.0.0.10,10.0.0.2,0x0012,0.000018428,0,,,,,,,,,,,,,,,,,,,,,,,,,,,,,,,2026-04-30T10:54:08.235941
10.0.0.2,10.0.0.10,0x0010,0.001263608,0,,,,,,,,,,,,,,,,,,,,,,,,,,,,,,,2026-04-30T10:54:08.236059
10.0.0.2,10.0.0.10,0x0018,0.000046582,58,,,,,True,True,0,False,False,True,False,0xc2,,0x10,60,56,,,1,4,MQTT,,,,,4,,,,,2026-04-30T10:54:08.236115
10.0.0.10,10.0.0.2,0x0010,0.000005002,0,,,,,,,,,,,,,,,,,,,,,,,,,,,,,,,2026-04-30T10:54:08.236230
10.0.0.10,10.0.0.2,0x0018,0.000135188,4,0x00,False,False,5,,,,,,,,,,0x20,,2,,,2,,,,,,,,,,,,2026-04-30T10:54:08.236303
10.0.0.10,10.0.0.2,0x0011,0.000030337,0,,,,,,,,,,,,,,,,,,,,,,,,,,,,,,,2026-04-30T10:54:08.238146
10.0.0.2,10.0.0.10,0x0018,0.001617501,77,,,,,,,,,,,,,False,0x32,,75,7b22646576696365223a202231302e302e302e32222c20227473223a20313737373532313234372c202274656d7065726174757265223a2032322e367d,1,3,,,1,False,,,,,,,,2026-04-30T10:54:08.238268
10.0.0.10,10.0.0.2,0x0004,0.000042988,0,,,,,,,,,,,,,,,,,,,,,,,,,,,,,,,2026-04-30T10:54:08.238312
10.0.0.2,10.0.0.10,0x0010,0.000019622,0,,,,,,,,,,,,,,,,,,,,,,,,,,,,,,,2026-04-30T10:54:08.238343
10.0.0.10,10.0.0.2,0x0004,0.000003665,0,,,,,,,,,,,,,,,,,,,,,,,,,,,,,,,2026-04-30T10:54:08.238374
10.0.0.2,10.0.0.10,0x0011,0.000017889,0,,,,,,,,,,,,,,,,,,,,,,,,,,,,,,,2026-04-30T10:54:08.238402
10.0.0.10,10.0.0.2,0x0004,0.000002395,0,,,,,,,,,,,,,,,,,,,,,,,,,,,,,,,2026-04-30T10:54:08.238429
10.0.0.2,10.0.0.10,0x0002,0.000000000,0,,,,,,,,,,,,,,,,,,,,,,,,,,,,,,,2026-04-30T10:54:09.259699
10.0.0.10,10.0.0.2,0x0012,0.000043197,0,,,,,,,,,,,,,,,,,,,,,,,,,,,,,,,2026-04-30T10:54:09.259839
10.0.0.2,10.0.0.10,0x0010,0.000034693,0,,,,,,,,,,,,,,,,,,,,,,,,,,,,,,,2026-04-30T10:54:09.261710
10.0.0.2,10.0.0.10,0x0018,0.000262201,58,,,,,True,True,0,False,False,True,False,0xc2,,0x10,60,56,,,1,4,MQTT,,,,,4,,,,,2026-04-30T10:54:09.261848
10.0.0.10,10.0.0.2,0x0010,0.000019029,0,,,,,,,,,,,,,,,,,,,,,,,,,,,,,,,2026-04-30T10:54:09.261895
10.0.0.10,10.0.0.2,0x0018,0.000048490,4,0x00,False,False,5,,,,,,,,,,0x20,,2,,,2,,,,,,,,,,,,2026-04-30T10:54:09.261969
10.0.0.2,10.0.0.10,0x0010,0.000035315,0,,,,,,,,,,,,,,,,,,,,,,,,,,,,,,,2026-04-30T10:54:09.262003
10.0.0.10,10.0.0.2,0x0011,0.000040694,0,,,,,,,,,,,,,,,,,,,,,,,,,,,,,,,2026-04-30T10:54:09.262034
10.0.0.2,10.0.0.10,0x0011,0.000287702,0,,,,,,,,,,,,,,,,,,,,,,,,,,,,,,,2026-04-30T10:54:09.262065
10.0.0.10,10.0.0.2,0x0010,0.000031107,0,,,,,,,,,,,,,,,,,,,,,,,,,,,,,,,2026-04-30T10:54:09.262096
10.0.0.1,10.0.0.10,0x0002,0.000000000,0,,,,,,,,,,,,,,,,,,,,,,,,,,,,,,,2026-04-30T10:54:10.027773
10.0.0.10,10.0.0.1,0x0012,0.000033212,0,,,,,,,,,,,,,,,,,,,,,,,,,,,,,,,2026-04-30T10:54:10.027920
10.0.0.1,10.0.0.10,0x0010,0.000026173,0,,,,,,,,,,,,,,,,,,,,,,,,,,,,,,,2026-04-30T10:54:10.027976
10.0.0.1,10.0.0.10,0x0018,0.000168360,58,,,,,True,True,0,False,False,True,False,0xc2,,0x10,60,56,,,1,4,MQTT,,,,,4,,,,,2026-04-30T10:54:10.028397
10.0.0.10,10.0.0.1,0x0010,0.000007952,0,,,,,,,,,,,,,,,,,,,,,,,,,,,,,,,2026-04-30T10:54:10.028456
10.0.0.10,10.0.0.1,0x0018,0.000139516,4,0x00,False,False,5,,,,,,,,,,0x20,,2,,,2,,,,,,,,,,,,2026-04-30T10:54:10.028516
10.0.0.1,10.0.0.10,0x0010,0.000023359,0,,,,,,,,,,,,,,,,,,,,,,,,,,,,,,,2026-04-30T10:54:10.028560
10.0.0.10,10.0.0.1,0x0011,0.000038861,0,,,,,,,,,,,,,,,,,,,,,,,,,,,,,,,2026-04-30T10:54:10.028618
10.0.0.1,10.0.0.10,0x0011,0.000257794,0,,,,,,,,,,,,,,,,,,,,,,,,,,,,,,,2026-04-30T10:54:10.028846
10.0.0.10,10.0.0.1,0x0010,0.000024114,0,,,,,,,,,,,,,,,,,,,,,,,,,,,,,,,2026-04-30T10:54:10.028953
10.0.0.2,10.0.0.10,0x0002,0.000000000,0,,,,,,,,,,,,,,,,,,,,,,,,,,,,,,,2026-04-30T10:54:11.307682
10.0.0.10,10.0.0.2,0x0012,0.000072326,0,,,,,,,,,,,,,,,,,,,,,,,,,,,,,,,2026-04-30T10:54:11.307832
10.0.0.2,10.0.0.10,0x0010,0.000043548,0,,,,,,,,,,,,,,,,,,,,,,,,,,,,,,,2026-04-30T10:54:11.307904
10.0.0.2,10.0.0.10,0x0018,0.000190331,58,,,,,True,True,0,False,False,True,False,0xc2,,0x10,60,56,,,1,4,MQTT,,,,,4,,,,,2026-04-30T10:54:11.308399
10.0.0.10,10.0.0.2,0x0010,0.000008915,0,,,,,,,,,,,,,,,,,,,,,,,,,,,,,,,2026-04-30T10:54:11.308511
10.0.0.10,10.0.0.2,0x0018,0.000208162,4,0x00,False,False,5,,,,,,,,,,0x20,,2,,,2,,,,,,,,,,,,2026-04-30T10:54:11.308575
10.0.0.2,10.0.0.10,0x0010,0.000044591,0,,,,,,,,,,,,,,,,,,,,,,,,,,,,,,,2026-04-30T10:54:11.308632
10.0.0.10,10.0.0.2,0x0011,0.000073125,0,,,,,,,,,,,,,,,,,,,,,,,,,,,,,,,2026-04-30T10:54:11.308684
10.0.0.2,10.0.0.10,0x0011,0.000202658,0,,,,,,,,,,,,,,,,,,,,,,,,,,,,,,,2026-04-30T10:54:11.308736
10.0.0.10,10.0.0.2,0x0010,0.000024147,0,,,,,,,,,,,,,,,,,,,,,,,,,,,,,,,2026-04-30T10:54:11.308801
10.0.0.2,10.0.0.10,0x0002,0.000000000,0,,,,,,,,,,,,,,,,,,,,,,,,,,,,,,,2026-04-30T10:54:15.147929
10.0.0.10,10.0.0.2,0x0012,0.000047935,0,,,,,,,,,,,,,,,,,,,,,,,,,,,,,,,2026-04-30T10:54:15.148083
10.0.0.2,10.0.0.10,0x0010,0.000026775,0,,,,,,,,,,,,,,,,,,,,,,,,,,,,,,,2026-04-30T10:54:15.150042
10.0.0.2,10.0.0.10,0x0018,0.000188261,58,,,,,True,True,0,False,False,True,False,0xc2,,0x10,60,56,,,1,4,MQTT,,,,,4,,,,,2026-04-30T10:54:15.150211
10.0.0.10,10.0.0.2,0x0010,0.000008880,0,,,,,,,,,,,,,,,,,,,,,,,,,,,,,,,2026-04-30T10:54:15.150264
10.0.0.10,10.0.0.2,0x0018,0.000180055,4,0x00,False,False,5,,,,,,,,,,0x20,,2,,,2,,,,,,,,,,,,2026-04-30T10:54:15.150303
10.0.0.2,10.0.0.10,0x0010,0.000025622,0,,,,,,,,,,,,,,,,,,,,,,,,,,,,,,,2026-04-30T10:54:15.150338
10.0.0.10,10.0.0.2,0x0011,0.000040664,0,,,,,,,,,,,,,,,,,,,,,,,,,,,,,,,2026-04-30T10:54:15.150372
10.0.0.2,10.0.0.10,0x0011,0.000387672,0,,,,,,,,,,,,,,,,,,,,,,,,,,,,,,,2026-04-30T10:54:15.150405
10.0.0.10,10.0.0.2,0x0010,0.000036454,0,,,,,,,,,,,,,,,,,,,,,,,,,,,,,,,2026-04-30T10:54:15.150439
10.0.0.3,10.0.0.10,0x0002,0.000000000,0,,,,,,,,,,,,,,,,,,,,,,,,,,,,,,,2026-04-30T10:54:15.915915
10.0.0.10,10.0.0.3,0x0012,0.000020252,0,,,,,,,,,,,,,,,,,,,,,,,,,,,,,,,2026-04-30T10:54:15.916060
10.0.0.3,10.0.0.10,0x0018,0.000972635,58,,,,,True,True,0,False,False,True,False,0xc2,,0x10,60,56,,,1,4,MQTT,,,,,4,,,,,2026-04-30T10:54:15.916131
10.0.0.10,10.0.0.3,0x0010,0.000020073,0,,,,,,,,,,,,,,,,,,,,,,,,,,,,,,,2026-04-30T10:54:15.916231
10.0.0.3,10.0.0.10,0x0010,0.000048648,0,,,,,,,,,,,,,,,,,,,,,,,,,,,,,,,2026-04-30T10:54:15.918402
10.0.0.10,10.0.0.3,0x0010,0.000004642,0,,,,,,,,,,,,,,,,,,,,,,,,,,,,,,,2026-04-30T10:54:15.918502
10.0.0.10,10.0.0.3,0x0018,0.000085879,4,0x00,False,False,5,,,,,,,,,,0x20,,2,,,2,,,,,,,,,,,,2026-04-30T10:54:15.918549
10.0.0.10,10.0.0.3,0x0011,0.000043744,0,,,,,,,,,,,,,,,,,,,,,,,,,,,,,,,2026-04-30T10:54:15.918589
10.0.0.3,10.0.0.10,0x0018,0.001171270,78,,,,,,,,,,,,,False,0x32,,76,7b22646576696365223a202231302e302e302e33222c20227473223a20313737373532313235352c202274656d7065726174757265223a2032312e34347d,1,3,,,1,False,,,,,,,,2026-04-30T10:54:15.918662
10.0.0.10,10.0.0.3,0x0004,0.000018302,0,,,,,,,,,,,,,,,,,,,,,,,,,,,,,,,2026-04-30T10:54:15.918703
10.0.0.3,10.0.0.10,0x0010,0.000043961,0,,,,,,,,,,,,,,,,,,,,,,,,,,,,,,,2026-04-30T10:54:15.918736
10.0.0.10,10.0.0.3,0x0004,0.000005407,0,,,,,,,,,,,,,,,,,,,,,,,,,,,,,,,2026-04-30T10:54:15.918768
10.0.0.3,10.0.0.10,0x0011,0.000180604,0,,,,,,,,,,,,,,,,,,,,,,,,,,,,,,,2026-04-30T10:54:15.918800
10.0.0.10,10.0.0.3,0x0004,0.000005539,0,,,,,,,,,,,,,,,,,,,,,,,,,,,,,,,2026-04-30T10:54:15.918834
10.0.0.3,10.0.0.10,0x0002,0.000000000,0,,,,,,,,,,,,,,,,,,,,,,,,,,,,,,,2026-04-30T10:54:16.939971
10.0.0.10,10.0.0.3,0x0012,0.000058401,0,,,,,,,,,,,,,,,,,,,,,,,,,,,,,,,2026-04-30T10:54:16.940120
10.0.0.3,10.0.0.10,0x0010,0.000045555,0,,,,,,,,,,,,,,,,,,,,,,,,,,,,,,,2026-04-30T10:54:16.940166
10.0.0.3,10.0.0.10,0x0018,0.000208544,58,,,,,True,True,0,False,False,True,False,0xc2,,0x10,60,56,,,1,4,MQTT,,,,,4,,,,,2026-04-30T10:54:16.942145
10.0.0.10,10.0.0.3,0x0010,0.000017993,0,,,,,,,,,,,,,,,,,,,,,,,,,,,,,,,2026-04-30T10:54:16.942293
10.0.0.10,10.0.0.3,0x0018,0.000193940,4,0x00,False,False,5,,,,,,,,,,0x20,,2,,,2,,,,,,,,,,,,2026-04-30T10:54:16.942421
10.0.0.3,10.0.0.10,0x0010,0.000025886,0,,,,,,,,,,,,,,,,,,,,,,,,,,,,,,,2026-04-30T10:54:16.942513
10.0.0.10,10.0.0.3,0x0011,0.000071156,0,,,,,,,,,,,,,,,,,,,,,,,,,,,,,,,2026-04-30T10:54:16.942572
10.0.0.3,10.0.0.10,0x0011,0.000360121,0,,,,,,,,,,,,,,,,,,,,,,,,,,,,,,,2026-04-30T10:54:16.942640
10.0.0.10,10.0.0.3,0x0010,0.000062774,0,,,,,,,,,,,,,,,,,,,,,,,,,,,,,,,2026-04-30T10:54:16.942702
10.0.0.3,10.0.0.10,0x0002,0.000000000,0,,,,,,,,,,,,,,,,,,,,,,,,,,,,,,,2026-04-30T10:54:18.987538
10.0.0.10,10.0.0.3,0x0012,0.000042375,0,,,,,,,,,,,,,,,,,,,,,,,,,,,,,,,2026-04-30T10:54:18.987604
10.0.0.3,10.0.0.10,0x0010,0.000031499,0,,,,,,,,,,,,,,,,,,,,,,,,,,,,,,,2026-04-30T10:54:18.987631
10.0.0.3,10.0.0.10,0x0018,0.000199129,58,,,,,True,True,0,False,False,True,False,0xc2,,0x10,60,56,,,1,4,MQTT,,,,,4,,,,,2026-04-30T10:54:18.987652
10.0.0.10,10.0.0.3,0x0010,0.000010345,0,,,,,,,,,,,,,,,,,,,,,,,,,,,,,,,2026-04-30T10:54:18.987670
10.0.0.10,10.0.0.3,0x0018,0.000224859,4,0x00,False,False,5,,,,,,,,,,0x20,,2,,,2,,,,,,,,,,,,2026-04-30T10:54:18.987688
10.0.0.3,10.0.0.10,0x0010,0.000047936,0,,,,,,,,,,,,,,,,,,,,,,,,,,,,,,,2026-04-30T10:54:18.988890
10.0.0.10,10.0.0.3,0x0011,0.000052603,0,,,,,,,,,,,,,,,,,,,,,,,,,,,,,,,2026-04-30T10:54:18.989033
10.0.0.3,10.0.0.10,0x0011,0.000393641,0,,,,,,,,,,,,,,,,,,,,,,,,,,,,,,,2026-04-30T10:54:18.989059
10.0.0.10,10.0.0.3,0x0010,0.000033879,0,,,,,,,,,,,,,,,,,,,,,,,,,,,,,,,2026-04-30T10:54:18.989080
10.0.0.3,10.0.0.10,0x0002,0.000000000,0,,,,,,,,,,,,,,,,,,,,,,,,,,,,,,,2026-04-30T10:54:22.827934
10.0.0.10,10.0.0.3,0x0012,0.000025497,0,,,,,,,,,,,,,,,,,,,,,,,,,,,,,,,2026-04-30T10:54:22.828092
10.0.0.3,10.0.0.10,0x0010,0.000045375,0,,,,,,,,,,,,,,,,,,,,,,,,,,,,,,,2026-04-30T10:54:22.828140
10.0.0.3,10.0.0.10,0x0018,0.000161950,58,,,,,True,True,0,False,False,True,False,0xc2,,0x10,60,56,,,1,4,MQTT,,,,,4,,,,,2026-04-30T10:54:22.830109
10.0.0.10,10.0.0.3,0x0010,0.000005726,0,,,,,,,,,,,,,,,,,,,,,,,,,,,,,,,2026-04-30T10:54:22.830238
10.0.0.10,10.0.0.3,0x0018,0.000108236,4,0x00,False,False,5,,,,,,,,,,0x20,,2,,,2,,,,,,,,,,,,2026-04-30T10:54:22.830286
10.0.0.3,10.0.0.10,0x0010,0.000015847,0,,,,,,,,,,,,,,,,,,,,,,,,,,,,,,,2026-04-30T10:54:22.830330
10.0.0.10,10.0.0.3,0x0011,0.000025693,0,,,,,,,,,,,,,,,,,,,,,,,,,,,,,,,2026-04-30T10:54:22.830364
10.0.0.3,10.0.0.10,0x0011,0.000180844,0,,,,,,,,,,,,,,,,,,,,,,,,,,,,,,,2026-04-30T10:54:22.830397
10.0.0.10,10.0.0.3,0x0010,0.000018576,0,,,,,,,,,,,,,,,,,,,,,,,,,,,,,,,2026-04-30T10:54:22.830430
10.0.0.2,10.0.0.10,0x0002,0.000000000,0,,,,,,,,,,,,,,,,,,,,,,,,,,,,,,,2026-04-30T10:54:23.340064
10.0.0.10,10.0.0.2,0x0012,0.000026496,0,,,,,,,,,,,,,,,,,,,,,,,,,,,,,,,2026-04-30T10:54:23.340215
10.0.0.2,10.0.0.10,0x0010,0.000020079,0,,,,,,,,,,,,,,,,,,,,,,,,,,,,,,,2026-04-30T10:54:23.340261
10.0.0.2,10.0.0.10,0x0018,0.000132642,58,,,,,True,True,0,False,False,True,False,0xc2,,0x10,60,56,,,1,4,MQTT,,,,,4,,,,,2026-04-30T10:54:23.342254
10.0.0.10,10.0.0.2,0x0010,0.000007750,0,,,,,,,,,,,,,,,,,,,,,,,,,,,,,,,2026-04-30T10:54:23.342375
10.0.0.10,10.0.0.2,0x0018,0.000119550,4,0x00,False,False,5,,,,,,,,,,0x20,,2,,,2,,,,,,,,,,,,2026-04-30T10:54:23.342425
10.0.0.2,10.0.0.10,0x0010,0.000033126,0,,,,,,,,,,,,,,,,,,,,,,,,,,,,,,,2026-04-30T10:54:23.342480
10.0.0.10,10.0.0.2,0x0011,0.000039744,0,,,,,,,,,,,,,,,,,,,,,,,,,,,,,,,2026-04-30T10:54:23.342522
10.0.0.2,10.0.0.10,0x0011,0.000186210,0,,,,,,,,,,,,,,,,,,,,,,,,,,,,,,,2026-04-30T10:54:23.342554
10.0.0.10,10.0.0.2,0x0010,0.000020714,0,,,,,,,,,,,,,,,,,,,,,,,,,,,,,,,2026-04-30T10:54:23.342591
10.0.0.1,10.0.0.10,0x0002,0.000000000,0,,,,,,,,,,,,,,,,,,,,,,,,,,,,,,,2026-04-30T10:54:26.155941
10.0.0.10,10.0.0.1,0x0012,0.000045592,0,,,,,,,,,,,,,,,,,,,,,,,,,,,,,,,2026-04-30T10:54:26.156089
10.0.0.1,10.0.0.10,0x0010,0.002352841,0,,,,,,,,,,,,,,,,,,,,,,,,,,,,,,,2026-04-30T10:54:26.156137
10.0.0.1,10.0.0.10,0x0018,0.000216595,58,,,,,True,True,0,False,False,True,False,0xc2,,0x10,60,56,,,1,4,MQTT,,,,,4,,,,,2026-04-30T10:54:26.158097
10.0.0.10,10.0.0.1,0x0010,0.000019099,0,,,,,,,,,,,,,,,,,,,,,,,,,,,,,,,2026-04-30T10:54:26.158218
10.0.0.10,10.0.0.1,0x0018,0.000121151,4,0x00,False,False,5,,,,,,,,,,0x20,,2,,,2,,,,,,,,,,,,2026-04-30T10:54:26.158267
10.0.0.10,10.0.0.1,0x0011,0.000059583,0,,,,,,,,,,,,,,,,,,,,,,,,,,,,,,,2026-04-30T10:54:26.158305
10.0.0.1,10.0.0.10,0x0010,0.003108960,0,,,,,,,,,,,,,,,,,,,,,,,,,,,,,,,2026-04-30T10:54:26.158340
10.0.0.1,10.0.0.10,0x0011,0.000486514,0,,,,,,,,,,,,,,,,,,,,,,,,,,,,,,,2026-04-30T10:54:26.158373
10.0.0.10,10.0.0.1,0x0010,0.000035086,0,,,,,,,,,,,,,,,,,,,,,,,,,,,,,,,2026-04-30T10:54:26.158408
10.0.0.3,10.0.0.10,0x0002,0.000000000,0,,,,,,,,,,,,,,,,,,,,,,,,,,,,,,,2026-04-30T10:54:30.769090
10.0.0.10,10.0.0.3,0x0012,0.000040604,0,,,,,,,,,,,,,,,,,,,,,,,,,,,,,,,2026-04-30T10:54:31.019854
10.0.0.3,10.0.0.10,0x0010,0.000030578,0,,,,,,,,,,,,,,,,,,,,,,,,,,,,,,,2026-04-30T10:54:31.019999
10.0.0.3,10.0.0.10,0x0018,0.000188666,58,,,,,True,True,0,False,False,True,False,0xc2,,0x10,60,56,,,1,4,MQTT,,,,,4,,,,,2026-04-30T10:54:31.021999
10.0.0.10,10.0.0.3,0x0010,0.000009591,0,,,,,,,,,,,,,,,,,,,,,,,,,,,,,,,2026-04-30T10:54:31.022147
10.0.0.10,10.0.0.3,0x0018,0.000181343,4,0x00,False,False,5,,,,,,,,,,0x20,,2,,,2,,,,,,,,,,,,2026-04-30T10:54:31.022196
10.0.0.3,10.0.0.10,0x0010,0.000028409,0,,,,,,,,,,,,,,,,,,,,,,,,,,,,,,,2026-04-30T10:54:31.022242
10.0.0.10,10.0.0.3,0x0011,0.000045270,0,,,,,,,,,,,,,,,,,,,,,,,,,,,,,,,2026-04-30T10:54:31.022276
10.0.0.3,10.0.0.10,0x0011,0.000450387,0,,,,,,,,,,,,,,,,,,,,,,,,,,,,,,,2026-04-30T10:54:31.022309
10.0.0.10,10.0.0.3,0x0010,0.000055940,0,,,,,,,,,,,,,,,,,,,,,,,,,,,,,,,2026-04-30T10:54:31.022346
10.0.0.2,10.0.0.10,0x0002,0.000000000,0,,,,,,,,,,,,,,,,,,,,,,,,,,,,,,,2026-04-30T10:54:38.961601
10.0.0.10,10.0.0.2,0x0012,0.000045777,0,,,,,,,,,,,,,,,,,,,,,,,,,,,,,,,2026-04-30T10:54:39.212102
10.0.0.2,10.0.0.10,0x0010,0.002426437,0,,,,,,,,,,,,,,,,,,,,,,,,,,,,,,,2026-04-30T10:54:39.212248
10.0.0.2,10.0.0.10,0x0018,0.000202859,58,,,,,True,True,0,False,False,True,False,0xc2,,0x10,60,56,,,1,4,MQTT,,,,,4,,,,,2026-04-30T10:54:39.212317
10.0.0.10,10.0.0.2,0x0010,0.000014796,0,,,,,,,,,,,,,,,,,,,,,,,,,,,,,,,2026-04-30T10:54:39.212389
10.0.0.10,10.0.0.2,0x0018,0.000158367,4,0x00,False,False,5,,,,,,,,,,0x20,,2,,,2,,,,,,,,,,,,2026-04-30T10:54:39.214285
10.0.0.10,10.0.0.2,0x0011,0.000051620,0,,,,,,,,,,,,,,,,,,,,,,,,,,,,,,,2026-04-30T10:54:39.214404
10.0.0.2,10.0.0.10,0x0010,0.003158263,0,,,,,,,,,,,,,,,,,,,,,,,,,,,,,,,2026-04-30T10:54:39.214569
10.0.0.2,10.0.0.10,0x0011,0.000440373,0,,,,,,,,,,,,,,,,,,,,,,,,,,,,,,,2026-04-30T10:54:39.214611
10.0.0.10,10.0.0.2,0x0010,0.000031005,0,,,,,,,,,,,,,,,,,,,,,,,,,,,,,,,2026-04-30T10:54:39.214646
10.0.0.3,10.0.0.10,0x0002,0.000000000,0,,,,,,,,,,,,,,,,,,,,,,,,,,,,,,,2026-04-30T10:54:46.641306
10.0.0.10,10.0.0.3,0x0012,0.000050534,0,,,,,,,,,,,,,,,,,,,,,,,,,,,,,,,2026-04-30T10:54:46.892000
10.0.0.3,10.0.0.10,0x0010,0.002394191,0,,,,,,,,,,,,,,,,,,,,,,,,,,,,,,,2026-04-30T10:54:46.892149
10.0.0.3,10.0.0.10,0x0018,0.000262098,58,,,,,True,True,0,False,False,True,False,0xc2,,0x10,60,56,,,1,4,MQTT,,,,,4,,,,,2026-04-30T10:54:46.892214
10.0.0.10,10.0.0.3,0x0010,0.000016205,0,,,,,,,,,,,,,,,,,,,,,,,,,,,,,,,2026-04-30T10:54:46.892304
10.0.0.10,10.0.0.3,0x0018,0.000170269,4,0x00,False,False,5,,,,,,,,,,0x20,,2,,,2,,,,,,,,,,,,2026-04-30T10:54:46.894297
10.0.0.10,10.0.0.3,0x0011,0.000050254,0,,,,,,,,,,,,,,,,,,,,,,,,,,,,,,,2026-04-30T10:54:46.894437
10.0.0.3,10.0.0.10,0x0010,0.003137545,0,,,,,,,,,,,,,,,,,,,,,,,,,,,,,,,2026-04-30T10:54:46.894501
10.0.0.3,10.0.0.10,0x0011,0.000369388,0,,,,,,,,,,,,,,,,,,,,,,,,,,,,,,,2026-04-30T10:54:46.894539
10.0.0.10,10.0.0.3,0x0010,0.000037196,0,,,,,,,,,,,,,,,,,,,,,,,,,,,,,,,2026-04-30T10:54:46.894574
10.0.0.7,10.0.0.10,0x0002,0.000000000,0,,,,,,,,,,,,,,,,,,,,,,,,,,,,,,,2026-04-30T10:54:52.017767
10.0.0.10,10.0.0.7,0x0012,0.000016380,0,,,,,,,,,,,,,,,,,,,,,,,,,,,,,,,2026-04-30T10:54:52.268016
10.0.0.7,10.0.0.10,0x0010,0.001157511,0,,,,,,,,,,,,,,,,,,,,,,,,,,,,,,,2026-04-30T10:54:52.268166
10.0.0.7,10.0.0.10,0x0018,0.000066864,50,,,,,True,True,0,False,False,True,False,0xc2,,0x10,60,48,,,1,4,MQTT,,,,,4,,,,,2026-04-30T10:54:52.270203
10.0.0.10,10.0.0.7,0x0010,0.000004582,0,,,,,,,,,,,,,,,,,,,,,,,,,,,,,,,2026-04-30T10:54:52.270348
10.0.0.10,10.0.0.7,0x0018,0.000099150,4,0x00,False,False,5,,,,,,,,,,0x20,,2,,,2,,,,,,,,,,,,2026-04-30T10:54:52.270396
10.0.0.10,10.0.0.7,0x0011,0.000033880,0,,,,,,,,,,,,,,,,,,,,,,,,,,,,,,,2026-04-30T10:54:52.270446
10.0.0.7,10.0.0.10,0x0010,0.000669629,0,,,,,,,,,,,,,,,,,,,,,,,,,,,,,,,2026-04-30T10:54:52.270503
10.0.0.7,10.0.0.10,0x0011,0.000488797,0,,,,,,,,,,,,,,,,,,,,,,,,,,,,,,,2026-04-30T10:54:52.270538
10.0.0.10,10.0.0.7,0x0010,0.000010336,0,,,,,,,,,,,,,,,,,,,,,,,,,,,,,,,2026-04-30T10:54:52.270584
10.0.0.7,10.0.0.10,0x0002,0.000000000,0,,,,,,,,,,,,,,,,,,,,,,,,,,,,,,,2026-04-30T10:54:53.292160
10.0.0.10,10.0.0.7,0x0012,0.000053134,0,,,,,,,,,,,,,,,,,,,,,,,,,,,,,,,2026-04-30T10:54:53.292301
10.0.0.7,10.0.0.10,0x0010,0.000045018,0,,,,,,,,,,,,,,,,,,,,,,,,,,,,,,,2026-04-30T10:54:53.292352
10.0.0.7,10.0.0.10,0x0018,0.000268951,50,,,,,True,True,0,False,False,True,False,0xc2,,0x10,60,48,,,1,4,MQTT,,,,,4,,,,,2026-04-30T10:54:53.292536
10.0.0.10,10.0.0.7,0x0010,0.000028116,0,,,,,,,,,,,,,,,,,,,,,,,,,,,,,,,2026-04-30T10:54:53.292616
10.0.0.10,10.0.0.7,0x0018,0.000049689,4,0x00,False,False,5,,,,,,,,,,0x20,,2,,,2,,,,,,,,,,,,2026-04-30T10:54:53.294641
10.0.0.7,10.0.0.10,0x0010,0.000039290,0,,,,,,,,,,,,,,,,,,,,,,,,,,,,,,,2026-04-30T10:54:53.294807
10.0.0.10,10.0.0.7,0x0011,0.000062365,0,,,,,,,,,,,,,,,,,,,,,,,,,,,,,,,2026-04-30T10:54:53.294853
10.0.0.7,10.0.0.10,0x0011,0.000359804,0,,,,,,,,,,,,,,,,,,,,,,,,,,,,,,,2026-04-30T10:54:53.294889
10.0.0.10,10.0.0.7,0x0010,0.000036630,0,,,,,,,,,,,,,,,,,,,,,,,,,,,,,,,2026-04-30T10:54:53.294924
10.0.0.7,10.0.0.10,0x0002,0.000000000,0,,,,,,,,,,,,,,,,,,,,,,,,,,,,,,,2026-04-30T10:54:55.339960
10.0.0.10,10.0.0.7,0x0012,0.000047516,0,,,,,,,,,,,,,,,,,,,,,,,,,,,,,,,2026-04-30T10:54:55.340098
10.0.0.7,10.0.0.10,0x0010,0.000025217,0,,,,,,,,,,,,,,,,,,,,,,,,,,,,,,,2026-04-30T10:54:55.340144
10.0.0.7,10.0.0.10,0x0018,0.000107247,50,,,,,True,True,0,False,False,True,False,0xc2,,0x10,60,48,,,1,4,MQTT,,,,,4,,,,,2026-04-30T10:54:55.342224
10.0.0.10,10.0.0.7,0x0010,0.000009912,0,,,,,,,,,,,,,,,,,,,,,,,,,,,,,,,2026-04-30T10:54:55.342340
10.0.0.10,10.0.0.7,0x0018,0.000208565,4,0x00,False,False,5,,,,,,,,,,0x20,,2,,,2,,,,,,,,,,,,2026-04-30T10:54:55.342408
10.0.0.7,10.0.0.10,0x0010,0.000025469,0,,,,,,,,,,,,,,,,,,,,,,,,,,,,,,,2026-04-30T10:54:55.342448
10.0.0.10,10.0.0.7,0x0011,0.000038942,0,,,,,,,,,,,,,,,,,,,,,,,,,,,,,,,2026-04-30T10:54:55.342514
10.0.0.7,10.0.0.10,0x0011,0.000376154,0,,,,,,,,,,,,,,,,,,,,,,,,,,,,,,,2026-04-30T10:54:55.342559
10.0.0.10,10.0.0.7,0x0010,0.000028926,0,,,,,,,,,,,,,,,,,,,,,,,,,,,,,,,2026-04-30T10:54:55.342594
10.0.0.1,10.0.0.10,0x0002,0.000000000,0,,,,,,,,,,,,,,,,,,,,,,,,,,,,,,,2026-04-30T10:54:58.156266
10.0.0.10,10.0.0.1,0x0012,0.000046800,0,,,,,,,,,,,,,,,,,,,,,,,,,,,,,,,2026-04-30T10:54:58.156457
10.0.0.1,10.0.0.10,0x0010,0.002466113,0,,,,,,,,,,,,,,,,,,,,,,,,,,,,,,,2026-04-30T10:54:58.156553
10.0.0.1,10.0.0.10,0x0018,0.000090875,58,,,,,True,True,0,False,False,True,False,0xc2,,0x10,60,56,,,1,4,MQTT,,,,,4,,,,,2026-04-30T10:54:58.157017
10.0.0.10,10.0.0.1,0x0010,0.000014964,0,,,,,,,,,,,,,,,,,,,,,,,,,,,,,,,2026-04-30T10:54:58.157123
10.0.0.10,10.0.0.1,0x0018,0.000196694,4,0x00,False,False,5,,,,,,,,,,0x20,,2,,,2,,,,,,,,,,,,2026-04-30T10:54:58.157172
10.0.0.10,10.0.0.1,0x0011,0.000745447,0,,,,,,,,,,,,,,,,,,,,,,,,,,,,,,,2026-04-30T10:54:58.157212
10.0.0.1,10.0.0.10,0x0010,0.002018666,0,,,,,,,,,,,,,,,,,,,,,,,,,,,,,,,2026-04-30T10:54:58.157256
10.0.0.1,10.0.0.10,0x0011,0.000454381,0,,,,,,,,,,,,,,,,,,,,,,,,,,,,,,,2026-04-30T10:54:58.157295
10.0.0.10,10.0.0.1,0x0010,0.000022153,0,,,,,,,,,,,,,,,,,,,,,,,,,,,,,,,2026-04-30T10:54:58.157406
10.0.0.1,10.0.0.10,0x0010,0.000341896,0,,,,,,,,,,,,,,,,,,,,,,,,,,,,,,,2026-04-30T10:54:58.157449
10.0.0.2,10.0.0.10,0x0002,0.000000000,0,,,,,,,,,,,,,,,,,,,,,,,,,,,,,,,2026-04-30T10:55:11.211791
10.0.0.10,10.0.0.2,0x0012,0.000027873,0,,,,,,,,,,,,,,,,,,,,,,,,,,,,,,,2026-04-30T10:55:11.211932
10.0.0.2,10.0.0.10,0x0010,0.001187633,0,,,,,,,,,,,,,,,,,,,,,,,,,,,,,,,2026-04-30T10:55:11.211985
10.0.0.2,10.0.0.10,0x0018,0.000013709,58,,,,,True,True,0,False,False,True,False,0xc2,,0x10,60,56,,,1,4,MQTT,,,,,4,,,,,2026-04-30T10:55:11.212132
10.0.0.10,10.0.0.2,0x0010,0.000020255,0,,,,,,,,,,,,,,,,,,,,,,,,,,,,,,,2026-04-30T10:55:11.212220
10.0.0.10,10.0.0.2,0x0018,0.000246062,4,0x00,False,False,5,,,,,,,,,,0x20,,2,,,2,,,,,,,,,,,,2026-04-30T10:55:11.212644
10.0.0.10,10.0.0.2,0x0011,0.000030384,0,,,,,,,,,,,,,,,,,,,,,,,,,,,,,,,2026-04-30T10:55:11.212696
10.0.0.2,10.0.0.10,0x0010,0.001416666,0,,,,,,,,,,,,,,,,,,,,,,,,,,,,,,,2026-04-30T10:55:11.212731
10.0.0.2,10.0.0.10,0x0011,0.000163267,0,,,,,,,,,,,,,,,,,,,,,,,,,,,,,,,2026-04-30T10:55:11.212768
10.0.0.10,10.0.0.2,0x0010,0.000010840,0,,,,,,,,,,,,,,,,,,,,,,,,,,,,,,,2026-04-30T10:55:11.212810
10.0.0.3,10.0.0.10,0x0002,0.000000000,0,,,,,,,,,,,,,,,,,,,,,,,,,,,,,,,2026-04-30T10:55:18.641504
10.0.0.10,10.0.0.3,0x0012,0.000048048,0,,,,,,,,,,,,,,,,,,,,,,,,,,,,,,,2026-04-30T10:55:18.892148
10.0.0.3,10.0.0.10,0x0010,0.002525704,0,,,,,,,,,,,,,,,,,,,,,,,,,,,,,,,2026-04-30T10:55:18.892303
10.0.0.3,10.0.0.10,0x0018,0.000094615,58,,,,,True,True,0,False,False,True,False,0xc2,,0x10,60,56,,,1,4,MQTT,,,,,4,,,,,2026-04-30T10:55:18.892368
10.0.0.10,10.0.0.3,0x0010,0.000016084,0,,,,,,,,,,,,,,,,,,,,,,,,,,,,,,,2026-04-30T10:55:18.892457
10.0.0.10,10.0.0.3,0x0018,0.000316843,4,0x00,False,False,5,,,,,,,,,,0x20,,2,,,2,,,,,,,,,,,,2026-04-30T10:55:18.894362
10.0.0.10,10.0.0.3,0x0011,0.000083391,0,,,,,,,,,,,,,,,,,,,,,,,,,,,,,,,2026-04-30T10:55:18.894518
10.0.0.3,10.0.0.10,0x0010,0.002802529,0,,,,,,,,,,,,,,,,,,,,,,,,,,,,,,,2026-04-30T10:55:18.894581
10.0.0.3,10.0.0.10,0x0011,0.000435086,0,,,,,,,,,,,,,,,,,,,,,,,,,,,,,,,2026-04-30T10:55:18.894618
10.0.0.10,10.0.0.3,0x0010,0.000033797,0,,,,,,,,,,,,,,,,,,,,,,,,,,,,,,,2026-04-30T10:55:18.894671
10.0.0.7,10.0.0.10,0x0002,0.000000000,0,,,,,,,,,,,,,,,,,,,,,,,,,,,,,,,2026-04-30T10:55:59.089513
10.0.0.10,10.0.0.7,0x0012,0.000022831,0,,,,,,,,,,,,,,,,,,,,,,,,,,,,,,,2026-04-30T10:55:59.340038
10.0.0.7,10.0.0.10,0x0010,0.001166245,0,,,,,,,,,,,,,,,,,,,,,,,,,,,,,,,2026-04-30T10:55:59.340190
10.0.0.7,10.0.0.10,0x0018,0.000167806,50,,,,,True,True,0,False,False,True,False,0xc2,,0x10,60,48,,,1,4,MQTT,,,,,4,,,,,2026-04-30T10:55:59.340255
10.0.0.10,10.0.0.7,0x0010,0.000026311,0,,,,,,,,,,,,,,,,,,,,,,,,,,,,,,,2026-04-30T10:55:59.340354
10.0.0.10,10.0.0.7,0x0018,0.000051413,4,0x00,False,False,5,,,,,,,,,,0x20,,2,,,2,,,,,,,,,,,,2026-04-30T10:55:59.342264
10.0.0.10,10.0.0.7,0x0011,0.000026476,0,,,,,,,,,,,,,,,,,,,,,,,,,,,,,,,2026-04-30T10:55:59.342385
10.0.0.7,10.0.0.10,0x0010,0.001384908,0,,,,,,,,,,,,,,,,,,,,,,,,,,,,,,,2026-04-30T10:55:59.342432
10.0.0.7,10.0.0.10,0x0011,0.000242880,0,,,,,,,,,,,,,,,,,,,,,,,,,,,,,,,2026-04-30T10:55:59.342484
10.0.0.10,10.0.0.7,0x0010,0.000014179,0,,,,,,,,,,,,,,,,,,,,,,,,,,,,,,,2026-04-30T10:55:59.342525
10.0.0.7,10.0.0.10,0x0002,0.000000000,0,,,,,,,,,,,,,,,,,,,,,,,,,,,,,,,2026-04-30T10:56:00.364125
10.0.0.10,10.0.0.7,0x0012,0.000041385,0,,,,,,,,,,,,,,,,,,,,,,,,,,,,,,,2026-04-30T10:56:00.364268
10.0.0.7,10.0.0.10,0x0010,0.000473226,0,,,,,,,,,,,,,,,,,,,,,,,,,,,,,,,2026-04-30T10:56:00.364320
10.0.0.7,10.0.0.10,0x0018,0.000156890,50,,,,,True,True,0,False,False,True,False,0xc2,,0x10,60,48,,,1,4,MQTT,,,,,4,,,,,2026-04-30T10:56:00.366407
10.0.0.10,10.0.0.7,0x0010,0.000015550,0,,,,,,,,,,,,,,,,,,,,,,,,,,,,,,,2026-04-30T10:56:00.366561
10.0.0.10,10.0.0.7,0x0018,0.000292575,4,0x00,False,False,5,,,,,,,,,,0x20,,2,,,2,,,,,,,,,,,,2026-04-30T10:56:00.366639
10.0.0.7,10.0.0.10,0x0010,0.000027312,0,,,,,,,,,,,,,,,,,,,,,,,,,,,,,,,2026-04-30T10:56:00.366680
10.0.0.10,10.0.0.7,0x0011,0.000059491,0,,,,,,,,,,,,,,,,,,,,,,,,,,,,,,,2026-04-30T10:56:00.366715
10.0.0.7,10.0.0.10,0x0011,0.000237602,0,,,,,,,,,,,,,,,,,,,,,,,,,,,,,,,2026-04-30T10:56:00.366748
10.0.0.10,10.0.0.7,0x0010,0.000026116,0,,,,,,,,,,,,,,,,,,,,,,,,,,,,,,,2026-04-30T10:56:00.366781
10.0.0.1,10.0.0.10,0x0002,0.000000000,0,,,,,,,,,,,,,,,,,,,,,,,,,,,,,,,2026-04-30T10:56:02.156134
10.0.0.10,10.0.0.1,0x0012,0.000042274,0,,,,,,,,,,,,,,,,,,,,,,,,,,,,,,,2026-04-30T10:56:02.156279
10.0.0.1,10.0.0.10,0x0010,0.002360219,0,,,,,,,,,,,,,,,,,,,,,,,,,,,,,,,2026-04-30T10:56:02.156323
10.0.0.1,10.0.0.10,0x0018,0.000103127,58,,,,,True,True,0,False,False,True,False,0xc2,,0x10,60,56,,,1,4,MQTT,,,,,4,,,,,2026-04-30T10:56:02.158183
10.0.0.10,10.0.0.1,0x0010,0.000015348,0,,,,,,,,,,,,,,,,,,,,,,,,,,,,,,,2026-04-30T10:56:02.158301
10.0.0.10,10.0.0.1,0x0018,0.000299630,4,0x00,False,False,5,,,,,,,,,,0x20,,2,,,2,,,,,,,,,,,,2026-04-30T10:56:02.158346
10.0.0.10,10.0.0.1,0x0011,0.000083287,0,,,,,,,,,,,,,,,,,,,,,,,,,,,,,,,2026-04-30T10:56:02.158400
10.0.0.1,10.0.0.10,0x0010,0.003188862,0,,,,,,,,,,,,,,,,,,,,,,,,,,,,,,,2026-04-30T10:56:02.158561
10.0.0.1,10.0.0.10,0x0011,0.000403008,0,,,,,,,,,,,,,,,,,,,,,,,,,,,,,,,2026-04-30T10:56:02.158599
10.0.0.10,10.0.0.1,0x0010,0.000036210,0,,,,,,,,,,,,,,,,,,,,,,,,,,,,,,,2026-04-30T10:56:02.158630
10.0.0.7,10.0.0.10,0x0002,0.000000000,0,,,,,,,,,,,,,,,,,,,,,,,,,,,,,,,2026-04-30T10:56:02.411831
10.0.0.10,10.0.0.7,0x0012,0.000040520,0,,,,,,,,,,,,,,,,,,,,,,,,,,,,,,,2026-04-30T10:56:02.411967
10.0.0.7,10.0.0.10,0x0010,0.000030361,0,,,,,,,,,,,,,,,,,,,,,,,,,,,,,,,2026-04-30T10:56:02.412023
10.0.0.7,10.0.0.10,0x0018,0.000132860,50,,,,,True,True,0,False,False,True,False,0xc2,,0x10,60,48,,,1,4,MQTT,,,,,4,,,,,2026-04-30T10:56:02.412499
10.0.0.10,10.0.0.7,0x0010,0.000040414,0,,,,,,,,,,,,,,,,,,,,,,,,,,,,,,,2026-04-30T10:56:02.412615
10.0.0.10,10.0.0.7,0x0018,0.000280273,4,0x00,False,False,5,,,,,,,,,,0x20,,2,,,2,,,,,,,,,,,,2026-04-30T10:56:02.412700
10.0.0.7,10.0.0.10,0x0010,0.000019246,0,,,,,,,,,,,,,,,,,,,,,,,,,,,,,,,2026-04-30T10:56:02.412744
10.0.0.10,10.0.0.7,0x0011,0.000063742,0,,,,,,,,,,,,,,,,,,,,,,,,,,,,,,,2026-04-30T10:56:02.412778
10.0.0.7,10.0.0.10,0x0011,0.000500579,0,,,,,,,,,,,,,,,,,,,,,,,,,,,,,,,2026-04-30T10:56:02.412823
10.0.0.10,10.0.0.7,0x0010,0.000035822,0,,,,,,,,,,,,,,,,,,,,,,,,,,,,,,,2026-04-30T10:56:02.412873
10.0.0.2,10.0.0.10,0x0002,0.000000000,0,,,,,,,,,,,,,,,,,,,,,,,,,,,,,,,2026-04-30T10:56:15.211955
10.0.0.10,10.0.0.2,0x0012,0.000048294,0,,,,,,,,,,,,,,,,,,,,,,,,,,,,,,,2026-04-30T10:56:15.212103
10.0.0.2,10.0.0.10,0x0010,0.002401886,0,,,,,,,,,,,,,,,,,,,,,,,,,,,,,,,2026-04-30T10:56:15.212151
10.0.0.2,10.0.0.10,0x0018,0.000027880,58,,,,,True,True,0,False,False,True,False,0xc2,,0x10,60,56,,,1,4,MQTT,,,,,4,,,,,2026-04-30T10:56:15.214182
10.0.0.10,10.0.0.2,0x0010,0.000021056,0,,,,,,,,,,,,,,,,,,,,,,,,,,,,,,,2026-04-30T10:56:15.214316
10.0.0.10,10.0.0.2,0x0018,0.000380095,4,0x00,False,False,5,,,,,,,,,,0x20,,2,,,2,,,,,,,,,,,,2026-04-30T10:56:15.214363
10.0.0.10,10.0.0.2,0x0011,0.000056292,0,,,,,,,,,,,,,,,,,,,,,,,,,,,,,,,2026-04-30T10:56:15.214401
10.0.0.2,10.0.0.10,0x0010,0.002951306,0,,,,,,,,,,,,,,,,,,,,,,,,,,,,,,,2026-04-30T10:56:15.214436
10.0.0.2,10.0.0.10,0x0011,0.000330979,0,,,,,,,,,,,,,,,,,,,,,,,,,,,,,,,2026-04-30T10:56:15.214486
10.0.0.10,10.0.0.2,0x0010,0.000029473,0,,,,,,,,,,,,,,,,,,,,,,,,,,,,,,,2026-04-30T10:56:15.214584
10.0.0.3,10.0.0.10,0x0002,0.000000000,0,,,,,,,,,,,,,,,,,,,,,,,,,,,,,,,2026-04-30T10:56:22.641574
10.0.0.10,10.0.0.3,0x0012,0.000047074,0,,,,,,,,,,,,,,,,,,,,,,,,,,,,,,,2026-04-30T10:56:22.891888
10.0.0.3,10.0.0.10,0x0010,0.002363187,0,,,,,,,,,,,,,,,,,,,,,,,,,,,,,,,2026-04-30T10:56:22.892028
10.0.0.3,10.0.0.10,0x0018,0.000045159,58,,,,,True,True,0,False,False,True,False,0xc2,,0x10,60,56,,,1,4,MQTT,,,,,4,,,,,2026-04-30T10:56:22.892100
10.0.0.10,10.0.0.3,0x0010,0.000015302,0,,,,,,,,,,,,,,,,,,,,,,,,,,,,,,,2026-04-30T10:56:22.894855
10.0.0.10,10.0.0.3,0x0018,0.000376073,4,0x00,False,False,5,,,,,,,,,,0x20,,2,,,2,,,,,,,,,,,,2026-04-30T10:56:22.894970
10.0.0.10,10.0.0.3,0x0011,0.000059319,0,,,,,,,,,,,,,,,,,,,,,,,,,,,,,,,2026-04-30T10:56:22.895017
10.0.0.3,10.0.0.10,0x0010,0.002871878,0,,,,,,,,,,,,,,,,,,,,,,,,,,,,,,,2026-04-30T10:56:22.895054
10.0.0.3,10.0.0.10,0x0011,0.000421823,0,,,,,,,,,,,,,,,,,,,,,,,,,,,,,,,2026-04-30T10:56:22.895093
10.0.0.10,10.0.0.3,0x0010,0.000091131,0,,,,,,,,,,,,,,,,,,,,,,,,,,,,,,,2026-04-30T10:56:22.895126
10.0.0.99,10.0.0.10,0x0002,0.000000000,0,,,,,,,,,,,,,,,,,,,,,,,,,,,,,,,2026-04-30T10:57:11.532121
10.0.0.10,10.0.0.99,0x0012,0.000027706,0,,,,,,,,,,,,,,,,,,,,,,,,,,,,,,,2026-04-30T10:57:11.532267
10.0.0.99,10.0.0.10,0x0002,0.000000000,0,,,,,,,,,,,,,,,,,,,,,,,,,,,,,,,2026-04-30T10:57:11.534076
10.0.0.10,10.0.0.99,0x0012,0.000006412,0,,,,,,,,,,,,,,,,,,,,,,,,,,,,,,,2026-04-30T10:57:11.534184
10.0.0.99,10.0.0.10,0x0002,0.000000000,0,,,,,,,,,,,,,,,,,,,,,,,,,,,,,,,2026-04-30T10:57:11.534226
10.0.0.10,10.0.0.99,0x0012,0.000005487,0,,,,,,,,,,,,,,,,,,,,,,,,,,,,,,,2026-04-30T10:57:11.534281
10.0.0.99,10.0.0.10,0x0010,0.003937867,0,,,,,,,,,,,,,,,,,,,,,,,,,,,,,,,2026-04-30T10:57:11.534313
10.0.0.99,10.0.0.10,0x0010,0.003998784,0,,,,,,,,,,,,,,,,,,,,,,,,,,,,,,,2026-04-30T10:57:11.534344
10.0.0.99,10.0.0.10,0x0010,0.004004503,0,,,,,,,,,,,,,,,,,,,,,,,,,,,,,,,2026-04-30T10:57:11.534374
10.0.0.99,10.0.0.10,0x0018,0.000027040,18,,,,,True,False,0,False,False,False,False,0x02,,0x10,60,16,,,1,4,MQTT,,,,,4,,,,,2026-04-30T10:57:11.534410
10.0.0.10,10.0.0.99,0x0010,0.000008602,0,,,,,,,,,,,,,,,,,,,,,,,,,,,,,,,2026-04-30T10:57:11.534445
10.0.0.99,10.0.0.10,0x0018,0.000097604,18,,,,,True,False,0,False,False,False,False,0x02,,0x10,60,16,,,1,4,MQTT,,,,,4,,,,,2026-04-30T10:57:11.534494
10.0.0.10,10.0.0.99,0x0010,0.000005091,0,,,,,,,,,,,,,,,,,,,,,,,,,,,,,,,2026-04-30T10:57:11.534527
10.0.0.99,10.0.0.10,0x0018,0.000228156,18,,,,,True,False,0,False,False,False,False,0x02,,0x10,60,16,,,1,4,MQTT,,,,,4,,,,,2026-04-30T10:57:11.534593
10.0.0.10,10.0.0.99,0x0010,0.000005557,0,,,,,,,,,,,,,,,,,,,,,,,,,,,,,,,2026-04-30T10:57:11.534625
10.0.0.10,10.0.0.99,0x0018,0.000136369,4,0x00,False,False,5,,,,,,,,,,0x20,,2,,,2,,,,,,,,,,,,2026-04-30T10:57:11.534659
10.0.0.10,10.0.0.99,0x0011,0.000108586,0,,,,,,,,,,,,,,,,,,,,,,,,,,,,,,,2026-04-30T10:57:11.534690
10.0.0.10,10.0.0.99,0x0018,0.000312576,4,0x00,False,False,5,,,,,,,,,,0x20,,2,,,2,,,,,,,,,,,,2026-04-30T10:57:11.534722
10.0.0.99,10.0.0.10,0x0010,0.000060466,0,,,,,,,,,,,,,,,,,,,,,,,,,,,,,,,2026-04-30T10:57:11.534753
10.0.0.99,10.0.0.10,0x0010,0.000030268,0,,,,,,,,,,,,,,,,,,,,,,,,,,,,,,,2026-04-30T10:57:11.534806
10.0.0.10,10.0.0.99,0x0011,0.000018047,0,,,,,,,,,,,,,,,,,,,,,,,,,,,,,,,2026-04-30T10:57:11.534835
10.0.0.10,10.0.0.99,0x0018,0.000426012,4,0x00,False,False,5,,,,,,,,,,0x20,,2,,,2,,,,,,,,,,,,2026-04-30T10:57:11.534886
10.0.0.99,10.0.0.10,0x0010,0.000011182,0,,,,,,,,,,,,,,,,,,,,,,,,,,,,,,,2026-04-30T10:57:11.534930
10.0.0.10,10.0.0.99,0x0011,0.000065374,0,,,,,,,,,,,,,,,,,,,,,,,,,,,,,,,2026-04-30T10:57:11.534960
10.0.0.99,10.0.0.10,0x0018,0.006184846,5792,,,,,,,,,,,,,False,0x30,,16,343947,,3,,,0,False,,,,,,,,2026-04-30T10:57:11.538515
10.0.0.10,10.0.0.99,0x0004,0.000055562,0,,,,,,,,,,,,,,,,,,,,,,,,,,,,,,,2026-04-30T10:57:11.538875
10.0.0.99,10.0.0.10,0x0018,0.000304292,5792,,,,,,,,,,,,,False,0x30,,16,343947,,3,,,0,False,,,,,,,,2026-04-30T10:57:11.542144
10.0.0.10,10.0.0.99,0x0004,0.000010394,0,,,,,,,,,,,,,,,,,,,,,,,,,,,,,,,2026-04-30T10:57:11.542357
10.0.0.99,10.0.0.10,0x0018,0.000472317,2896,,,,,,,,,,,,,False,0x30,,16,343947,,3,,,0,False,,,,,,,,2026-04-30T10:57:11.544263
10.0.0.10,10.0.0.99,0x0004,0.000004968,0,,,,,,,,,,,,,,,,,,,,,,,,,,,,,,,2026-04-30T10:57:11.544378
10.0.0.99,10.0.0.10,0x0018,0.007165583,5792,,,,,,,,,,,,,False,0x30,,16,4d3579,,3,,,0,False,,,,,,,,2026-04-30T10:57:11.547062
10.0.0.10,10.0.0.99,0x0004,0.000012874,0,,,,,,,,,,,,,,,,,,,,,,,,,,,,,,,2026-04-30T10:57:11.547339
10.0.0.99,10.0.0.10,0x0018,0.000474089,5792,,,,,,,,,,,,,False,0x30,,16,4d3579,,3,,,0,False,,,,,,,,2026-04-30T10:57:11.550014
10.0.0.10,10.0.0.99,0x0004,0.000008845,0,,,,,,,,,,,,,,,,,,,,,,,,,,,,,,,2026-04-30T10:57:11.550315
10.0.0.99,10.0.0.10,0x0018,0.008263424,5792,,,,,,,,,,,,,False,0x30,,16,434251,,3,,,0,False,,,,,,,,2026-04-30T10:57:11.553112
10.0.0.10,10.0.0.99,0x0004,0.000016145,0,,,,,,,,,,,,,,,,,,,,,,,,,,,,,,,2026-04-30T10:57:11.553959
10.0.0.99,10.0.0.10,0x0018,0.000467784,5792,,,,,,,,,,,,,False,0x30,,16,434251,,3,,,0,False,,,,,,,,2026-04-30T10:57:11.556269
10.0.0.10,10.0.0.99,0x0004,0.000009025,0,,,,,,,,,,,,,,,,,,,,,,,,,,,,,,,2026-04-30T10:57:11.556595
10.0.0.99,10.0.0.10,0x0002,0.000000000,0,,,,,,,,,,,,,,,,,,,,,,,,,,,,,,,2026-04-30T10:57:11.787786
10.0.0.10,10.0.0.99,0x0012,0.000041458,0,,,,,,,,,,,,,,,,,,,,,,,,,,,,,,,2026-04-30T10:57:11.787845
10.0.0.99,10.0.0.10,0x0010,0.000029975,0,,,,,,,,,,,,,,,,,,,,,,,,,,,,,,,2026-04-30T10:57:11.787922
10.0.0.99,10.0.0.10,0x0018,0.000058056,18,,,,,True,False,0,False,False,False,False,0x02,,0x10,60,16,,,1,4,MQTT,,,,,4,,,,,2026-04-30T10:57:11.788003
10.0.0.10,10.0.0.99,0x0010,0.000010731,0,,,,,,,,,,,,,,,,,,,,,,,,,,,,,,,2026-04-30T10:57:11.788047
10.0.0.10,10.0.0.99,0x0018,0.000266419,4,0x00,False,False,5,,,,,,,,,,0x20,,2,,,2,,,,,,,,,,,,2026-04-30T10:57:11.788112
10.0.0.99,10.0.0.10,0x0010,0.000057268,0,,,,,,,,,,,,,,,,,,,,,,,,,,,,,,,2026-04-30T10:57:11.788151
10.0.0.10,10.0.0.99,0x0011,0.000066843,0,,,,,,,,,,,,,,,,,,,,,,,,,,,,,,,2026-04-30T10:57:11.788518
10.0.0.99,10.0.0.10,0x0002,0.000000000,0,,,,,,,,,,,,,,,,,,,,,,,,,,,,,,,2026-04-30T10:57:11.788545
10.0.0.10,10.0.0.99,0x0012,0.000025376,0,,,,,,,,,,,,,,,,,,,,,,,,,,,,,,,2026-04-30T10:57:11.788559
10.0.0.99,10.0.0.10,0x0010,0.000020971,0,,,,,,,,,,,,,,,,,,,,,,,,,,,,,,,2026-04-30T10:57:11.788572
10.0.0.99,10.0.0.10,0x0018,0.000055768,18,,,,,True,False,0,False,False,False,False,0x02,,0x10,60,16,,,1,4,MQTT,,,,,4,,,,,2026-04-30T10:57:11.788588
10.0.0.10,10.0.0.99,0x0010,0.000014797,0,,,,,,,,,,,,,,,,,,,,,,,,,,,,,,,2026-04-30T10:57:11.788603
10.0.0.10,10.0.0.99,0x0018,0.000181412,4,0x00,False,False,5,,,,,,,,,,0x20,,2,,,2,,,,,,,,,,,,2026-04-30T10:57:11.788618
10.0.0.99,10.0.0.10,0x0010,0.000014669,0,,,,,,,,,,,,,,,,,,,,,,,,,,,,,,,2026-04-30T10:57:11.788631
10.0.0.10,10.0.0.99,0x0011,0.000032661,0,,,,,,,,,,,,,,,,,,,,,,,,,,,,,,,2026-04-30T10:57:11.788652
10.0.0.99,10.0.0.10,0x0002,0.000000000,0,,,,,,,,,,,,,,,,,,,,,,,,,,,,,,,2026-04-30T10:57:11.788688
10.0.0.10,10.0.0.99,0x0012,0.000025785,0,,,,,,,,,,,,,,,,,,,,,,,,,,,,,,,2026-04-30T10:57:11.788706
10.0.0.99,10.0.0.10,0x0010,0.000023639,0,,,,,,,,,,,,,,,,,,,,,,,,,,,,,,,2026-04-30T10:57:11.788727
10.0.0.99,10.0.0.10,0x0018,0.000045286,18,,,,,True,False,0,False,False,False,False,0x02,,0x10,60,16,,,1,4,MQTT,,,,,4,,,,,2026-04-30T10:57:11.788774
10.0.0.10,10.0.0.99,0x0010,0.000010439,0,,,,,,,,,,,,,,,,,,,,,,,,,,,,,,,2026-04-30T10:57:11.789074
10.0.0.10,10.0.0.99,0x0018,0.000060486,4,0x00,False,False,5,,,,,,,,,,0x20,,2,,,2,,,,,,,,,,,,2026-04-30T10:57:11.789096
10.0.0.99,10.0.0.10,0x0010,0.000014394,0,,,,,,,,,,,,,,,,,,,,,,,,,,,,,,,2026-04-30T10:57:11.789110
10.0.0.10,10.0.0.99,0x0011,0.000024082,0,,,,,,,,,,,,,,,,,,,,,,,,,,,,,,,2026-04-30T10:57:11.789124
10.0.0.99,10.0.0.10,0x0018,0.009902498,7240,,,,,,,,,,,,,False,0x30,,16,384865,,3,,,0,False,,,,,,,,2026-04-30T10:57:11.790993
10.0.0.10,10.0.0.99,0x0004,0.000051728,0,,,,,,,,,,,,,,,,,,,,,,,,,,,,,,,2026-04-30T10:57:11.791315
10.0.0.99,10.0.0.10,0x0018,0.000429089,7240,,,,,,,,,,,,,False,0x30,,16,384865,,3,,,0,False,,,,,,,,2026-04-30T10:57:11.793052
10.0.0.10,10.0.0.99,0x0004,0.000022734,0,,,,,,,,,,,,,,,,,,,,,,,,,,,,,,,2026-04-30T10:57:11.793237
10.0.0.99,10.0.0.10,0x0018,0.010598236,7240,,,,,,,,,,,,,False,0x30,,16,343838,,3,,,0,False,,,,,,,,2026-04-30T10:57:11.795541
10.0.0.10,10.0.0.99,0x0004,0.000034971,0,,,,,,,,,,,,,,,,,,,,,,,,,,,,,,,2026-04-30T10:57:11.795905
10.0.0.99,10.0.0.10,0x0018,0.000562408,7240,,,,,,,,,,,,,False,0x30,,16,343838,,3,,,0,False,,,,,,,,2026-04-30T10:57:11.797266
10.0.0.10,10.0.0.99,0x0004,0.000013363,0,,,,,,,,,,,,,,,,,,,,,,,,,,,,,,,2026-04-30T10:57:11.797509
10.0.0.99,10.0.0.10,0x0018,0.010985603,7240,,,,,,,,,,,,,False,0x30,,16,357379,,3,,,0,False,,,,,,,,2026-04-30T10:57:11.798944
10.0.0.10,10.0.0.99,0x0004,0.000012812,0,,,,,,,,,,,,,,,,,,,,,,,,,,,,,,,2026-04-30T10:57:11.799156
10.0.0.99,10.0.0.10,0x0018,0.000591079,7240,,,,,,,,,,,,,False,0x30,,16,357379,,3,,,0,False,,,,,,,,2026-04-30T10:57:11.800932
10.0.0.10,10.0.0.99,0x0004,0.000010621,0,,,,,,,,,,,,,,,,,,,,,,,,,,,,,,,2026-04-30T10:57:11.801387
10.0.0.99,10.0.0.10,0x0002,0.000000000,0,,,,,,,,,,,,,,,,,,,,,,,,,,,,,,,2026-04-30T10:57:11.801591
10.0.0.10,10.0.0.99,0x0012,0.000037673,0,,,,,,,,,,,,,,,,,,,,,,,,,,,,,,,2026-04-30T10:57:11.801769
10.0.0.99,10.0.0.10,0x0010,0.000027260,0,,,,,,,,,,,,,,,,,,,,,,,,,,,,,,,2026-04-30T10:57:11.801934
10.0.0.99,10.0.0.10,0x0018,0.000059162,18,,,,,True,False,0,False,False,False,False,0x02,,0x10,60,16,,,1,4,MQTT,,,,,4,,,,,2026-04-30T10:57:11.802143
10.0.0.10,10.0.0.99,0x0010,0.000010332,0,,,,,,,,,,,,,,,,,,,,,,,,,,,,,,,2026-04-30T10:57:11.802294
10.0.0.10,10.0.0.99,0x0018,0.000332666,4,0x00,False,False,5,,,,,,,,,,0x20,,2,,,2,,,,,,,,,,,,2026-04-30T10:57:11.802566
10.0.0.99,10.0.0.10,0x0010,0.000079631,0,,,,,,,,,,,,,,,,,,,,,,,,,,,,,,,2026-04-30T10:57:11.802653
10.0.0.10,10.0.0.99,0x0011,0.000051243,0,,,,,,,,,,,,,,,,,,,,,,,,,,,,,,,2026-04-30T10:57:11.802822
10.0.0.99,10.0.0.10,0x0002,0.000000000,0,,,,,,,,,,,,,,,,,,,,,,,,,,,,,,,2026-04-30T10:57:11.802974
10.0.0.10,10.0.0.99,0x0012,0.000021622,0,,,,,,,,,,,,,,,,,,,,,,,,,,,,,,,2026-04-30T10:57:11.803114
10.0.0.99,10.0.0.10,0x0010,0.000020344,0,,,,,,,,,,,,,,,,,,,,,,,,,,,,,,,2026-04-30T10:57:11.803228
10.0.0.99,10.0.0.10,0x0018,0.000048482,18,,,,,True,False,0,False,False,False,False,0x02,,0x10,60,16,,,1,4,MQTT,,,,,4,,,,,2026-04-30T10:57:11.803391
10.0.0.10,10.0.0.99,0x0010,0.000012168,0,,,,,,,,,,,,,,,,,,,,,,,,,,,,,,,2026-04-30T10:57:11.803515
10.0.0.10,10.0.0.99,0x0018,0.000114213,4,0x00,False,False,5,,,,,,,,,,0x20,,2,,,2,,,,,,,,,,,,2026-04-30T10:57:11.803653
10.0.0.99,10.0.0.10,0x0010,0.000015667,0,,,,,,,,,,,,,,,,,,,,,,,,,,,,,,,2026-04-30T10:57:11.803785
10.0.0.10,10.0.0.99,0x0011,0.000028918,0,,,,,,,,,,,,,,,,,,,,,,,,,,,,,,,2026-04-30T10:57:11.803939
10.0.0.99,10.0.0.10,0x0002,0.000000000,0,,,,,,,,,,,,,,,,,,,,,,,,,,,,,,,2026-04-30T10:57:11.804071
10.0.0.10,10.0.0.99,0x0012,0.000025534,0,,,,,,,,,,,,,,,,,,,,,,,,,,,,,,,2026-04-30T10:57:11.804204
10.0.0.99,10.0.0.10,0x0010,0.000022110,0,,,,,,,,,,,,,,,,,,,,,,,,,,,,,,,2026-04-30T10:57:11.804328
10.0.0.99,10.0.0.10,0x0018,0.000044228,18,,,,,True,False,0,False,False,False,False,0x02,,0x10,60,16,,,1,4,MQTT,,,,,4,,,,,2026-04-30T10:57:11.804492
10.0.0.10,10.0.0.99,0x0010,0.000010224,0,,,,,,,,,,,,,,,,,,,,,,,,,,,,,,,2026-04-30T10:57:11.804610
10.0.0.10,10.0.0.99,0x0018,0.000201718,4,0x00,False,False,5,,,,,,,,,,0x20,,2,,,2,,,,,,,,,,,,2026-04-30T10:57:11.804745
10.0.0.99,10.0.0.10,0x0010,0.000028275,0,,,,,,,,,,,,,,,,,,,,,,,,,,,,,,,2026-04-30T10:57:11.804867
10.0.0.10,10.0.0.99,0x0011,0.000041492,0,,,,,,,,,,,,,,,,,,,,,,,,,,,,,,,2026-04-30T10:57:11.804985
10.0.0.99,10.0.0.10,0x0018,0.009780245,7240,,,,,,,,,,,,,False,0x30,,16,4a6478,,3,,,0,False,,,,,,,,2026-04-30T10:57:11.807994
10.0.0.10,10.0.0.99,0x0004,0.000051975,0,,,,,,,,,,,,,,,,,,,,,,,,,,,,,,,2026-04-30T10:57:11.808404
10.0.0.99,10.0.0.10,0x0018,0.000430748,7240,,,,,,,,,,,,,False,0x30,,16,4a6478,,3,,,0,False,,,,,,,,2026-04-30T10:57:11.811961
10.0.0.10,10.0.0.99,0x0004,0.000016410,0,,,,,,,,,,,,,,,,,,,,,,,,,,,,,,,2026-04-30T10:57:11.812380
10.0.0.99,10.0.0.10,0x0018,0.010364874,7240,,,,,,,,,,,,,False,0x30,,16,51674a,,3,,,0,False,,,,,,,,2026-04-30T10:57:11.815640
10.0.0.10,10.0.0.99,0x0004,0.000031625,0,,,,,,,,,,,,,,,,,,,,,,,,,,,,,,,2026-04-30T10:57:11.816176
10.0.0.99,10.0.0.10,0x0018,0.000573373,7240,,,,,,,,,,,,,False,0x30,,16,51674a,,3,,,0,False,,,,,,,,2026-04-30T10:57:11.819715
10.0.0.10,10.0.0.99,0x0004,0.000012220,0,,,,,,,,,,,,,,,,,,,,,,,,,,,,,,,2026-04-30T10:57:11.820109
10.0.0.99,10.0.0.10,0x0018,0.010281090,7240,,,,,,,,,,,,,False,0x30,,16,6d7052,,3,,,0,False,,,,,,,,2026-04-30T10:57:11.823007
10.0.0.10,10.0.0.99,0x0004,0.000031579,0,,,,,,,,,,,,,,,,,,,,,,,,,,,,,,,2026-04-30T10:57:11.823521
10.0.0.99,10.0.0.10,0x0018,0.000556883,7240,,,,,,,,,,,,,False,0x30,,16,6d7052,,3,,,0,False,,,,,,,,2026-04-30T10:57:11.826972
10.0.0.10,10.0.0.99,0x0004,0.000012267,0,,,,,,,,,,,,,,,,,,,,,,,,,,,,,,,2026-04-30T10:57:11.827374
10.0.0.99,10.0.0.10,0x0002,0.000000000,0,,,,,,,,,,,,,,,,,,,,,,,,,,,,,,,2026-04-30T10:57:12.043847
10.0.0.10,10.0.0.99,0x0012,0.000032579,0,,,,,,,,,,,,,,,,,,,,,,,,,,,,,,,2026-04-30T10:57:12.044001
10.0.0.99,10.0.0.10,0x0010,0.000021342,0,,,,,,,,,,,,,,,,,,,,,,,,,,,,,,,2026-04-30T10:57:12.044157
10.0.0.99,10.0.0.10,0x0018,0.000044610,18,,,,,True,False,0,False,False,False,False,0x02,,0x10,60,16,,,1,4,MQTT,,,,,4,,,,,2026-04-30T10:57:12.044372
10.0.0.10,10.0.0.99,0x0010,0.000008464,0,,,,,,,,,,,,,,,,,,,,,,,,,,,,,,,2026-04-30T10:57:12.044509
10.0.0.10,10.0.0.99,0x0018,0.000198212,4,0x00,False,False,5,,,,,,,,,,0x20,,2,,,2,,,,,,,,,,,,2026-04-30T10:57:12.044668
10.0.0.99,10.0.0.10,0x0010,0.000034656,0,,,,,,,,,,,,,,,,,,,,,,,,,,,,,,,2026-04-30T10:57:12.044800
10.0.0.10,10.0.0.99,0x0011,0.000035353,0,,,,,,,,,,,,,,,,,,,,,,,,,,,,,,,2026-04-30T10:57:12.044939
10.0.0.99,10.0.0.10,0x0002,0.000000000,0,,,,,,,,,,,,,,,,,,,,,,,,,,,,,,,2026-04-30T10:57:12.045078
10.0.0.10,10.0.0.99,0x0012,0.000025133,0,,,,,,,,,,,,,,,,,,,,,,,,,,,,,,,2026-04-30T10:57:12.045219
10.0.0.99,10.0.0.10,0x0010,0.000020129,0,,,,,,,,,,,,,,,,,,,,,,,,,,,,,,,2026-04-30T10:57:12.045342
10.0.0.99,10.0.0.10,0x0018,0.000038889,18,,,,,True,False,0,False,False,False,False,0x02,,0x10,60,16,,,1,4,MQTT,,,,,4,,,,,2026-04-30T10:57:12.045509
10.0.0.10,10.0.0.99,0x0010,0.000008799,0,,,,,,,,,,,,,,,,,,,,,,,,,,,,,,,2026-04-30T10:57:12.045634
10.0.0.10,10.0.0.99,0x0018,0.000058639,4,0x00,False,False,5,,,,,,,,,,0x20,,2,,,2,,,,,,,,,,,,2026-04-30T10:57:12.045774
10.0.0.99,10.0.0.10,0x0010,0.000013455,0,,,,,,,,,,,,,,,,,,,,,,,,,,,,,,,2026-04-30T10:57:12.045893
10.0.0.10,10.0.0.99,0x0011,0.000022114,0,,,,,,,,,,,,,,,,,,,,,,,,,,,,,,,2026-04-30T10:57:12.046021
10.0.0.99,10.0.0.10,0x0002,0.000000000,0,,,,,,,,,,,,,,,,,,,,,,,,,,,,,,,2026-04-30T10:57:12.046162
10.0.0.10,10.0.0.99,0x0012,0.000016693,0,,,,,,,,,,,,,,,,,,,,,,,,,,,,,,,2026-04-30T10:57:12.046295
10.0.0.99,10.0.0.10,0x0010,0.000015337,0,,,,,,,,,,,,,,,,,,,,,,,,,,,,,,,2026-04-30T10:57:12.046433
10.0.0.99,10.0.0.10,0x0018,0.000038207,18,,,,,True,False,0,False,False,False,False,0x02,,0x10,60,16,,,1,4,MQTT,,,,,4,,,,,2026-04-30T10:57:12.046599
10.0.0.10,10.0.0.99,0x0010,0.000009901,0,,,,,,,,,,,,,,,,,,,,,,,,,,,,,,,2026-04-30T10:57:12.046723
10.0.0.10,10.0.0.99,0x0018,0.000086359,4,0x00,False,False,5,,,,,,,,,,0x20,,2,,,2,,,,,,,,,,,,2026-04-30T10:57:12.046859
10.0.0.99,10.0.0.10,0x0010,0.000011892,0,,,,,,,,,,,,,,,,,,,,,,,,,,,,,,,2026-04-30T10:57:12.046987
10.0.0.10,10.0.0.99,0x0011,0.000022451,0,,,,,,,,,,,,,,,,,,,,,,,,,,,,,,,2026-04-30T10:57:12.047127
10.0.0.99,10.0.0.10,0x0018,0.009898401,7240,,,,,,,,,,,,,False,0x30,,16,4c6539,,3,,,0,False,,,,,,,,2026-04-30T10:57:12.051338
10.0.0.10,10.0.0.99,0x0004,0.000027629,0,,,,,,,,,,,,,,,,,,,,,,,,,,,,,,,2026-04-30T10:57:12.051449
10.0.0.99,10.0.0.10,0x0018,0.000451942,7240,,,,,,,,,,,,,False,0x30,,16,4c6539,,3,,,0,False,,,,,,,,2026-04-30T10:57:12.054686
10.0.0.10,10.0.0.99,0x0004,0.000023613,0,,,,,,,,,,,,,,,,,,,,,,,,,,,,,,,2026-04-30T10:57:12.055354
10.0.0.99,10.0.0.10,0x0018,0.010190780,7240,,,,,,,,,,,,,False,0x30,,16,4b3836,,3,,,0,False,,,,,,,,2026-04-30T10:57:12.058680
10.0.0.10,10.0.0.99,0x0004,0.000031630,0,,,,,,,,,,,,,,,,,,,,,,,,,,,,,,,2026-04-30T10:57:12.059338
10.0.0.99,10.0.0.10,0x0018,0.000569151,7240,,,,,,,,,,,,,False,0x30,,16,4b3836,,3,,,0,False,,,,,,,,2026-04-30T10:57:12.063055
10.0.0.10,10.0.0.99,0x0004,0.000011810,0,,,,,,,,,,,,,,,,,,,,,,,,,,,,,,,2026-04-30T10:57:12.063512
10.0.0.99,10.0.0.10,0x0018,0.010243752,7240,,,,,,,,,,,,,False,0x30,,16,626968,,3,,,0,False,,,,,,,,2026-04-30T10:57:12.066673
10.0.0.10,10.0.0.99,0x0004,0.000026492,0,,,,,,,,,,,,,,,,,,,,,,,,,,,,,,,2026-04-30T10:57:12.067118
10.0.0.99,10.0.0.10,0x0018,0.000578801,7240,,,,,,,,,,,,,False,0x30,,16,626968,,3,,,0,False,,,,,,,,2026-04-30T10:57:12.070996
10.0.0.10,10.0.0.99,0x0004,0.000010896,0,,,,,,,,,,,,,,,,,,,,,,,,,,,,,,,2026-04-30T10:57:12.071426
10.0.0.99,10.0.0.10,0x0002,0.000000000,0,,,,,,,,,,,,,,,,,,,,,,,,,,,,,,,2026-04-30T10:57:12.071590
10.0.0.10,10.0.0.99,0x0012,0.000020067,0,,,,,,,,,,,,,,,,,,,,,,,,,,,,,,,2026-04-30T10:57:12.071729
10.0.0.99,10.0.0.10,0x0010,0.000013283,0,,,,,,,,,,,,,,,,,,,,,,,,,,,,,,,2026-04-30T10:57:12.071856
10.0.0.99,10.0.0.10,0x0018,0.000025379,18,,,,,True,False,0,False,False,False,False,0x02,,0x10,60,16,,,1,4,MQTT,,,,,4,,,,,2026-04-30T10:57:12.072023
10.0.0.10,10.0.0.99,0x0010,0.000005355,0,,,,,,,,,,,,,,,,,,,,,,,,,,,,,,,2026-04-30T10:57:12.072150
10.0.0.10,10.0.0.99,0x0018,0.000118199,4,0x00,False,False,5,,,,,,,,,,0x20,,2,,,2,,,,,,,,,,,,2026-04-30T10:57:12.072297
10.0.0.99,10.0.0.10,0x0010,0.000017982,0,,,,,,,,,,,,,,,,,,,,,,,,,,,,,,,2026-04-30T10:57:12.072418
10.0.0.10,10.0.0.99,0x0011,0.000021381,0,,,,,,,,,,,,,,,,,,,,,,,,,,,,,,,2026-04-30T10:57:12.072563
10.0.0.99,10.0.0.10,0x0002,0.000000000,0,,,,,,,,,,,,,,,,,,,,,,,,,,,,,,,2026-04-30T10:57:12.072699
10.0.0.10,10.0.0.99,0x0012,0.000011203,0,,,,,,,,,,,,,,,,,,,,,,,,,,,,,,,2026-04-30T10:57:12.072838
10.0.0.99,10.0.0.10,0x0010,0.000008650,0,,,,,,,,,,,,,,,,,,,,,,,,,,,,,,,2026-04-30T10:57:12.072959
10.0.0.99,10.0.0.10,0x0018,0.000017700,18,,,,,True,False,0,False,False,False,False,0x02,,0x10,60,16,,,1,4,MQTT,,,,,4,,,,,2026-04-30T10:57:12.073126
10.0.0.10,10.0.0.99,0x0010,0.000003929,0,,,,,,,,,,,,,,,,,,,,,,,,,,,,,,,2026-04-30T10:57:12.073249
10.0.0.10,10.0.0.99,0x0018,0.000058267,4,0x00,False,False,5,,,,,,,,,,0x20,,2,,,2,,,,,,,,,,,,2026-04-30T10:57:12.073387
10.0.0.99,10.0.0.10,0x0010,0.000010185,0,,,,,,,,,,,,,,,,,,,,,,,,,,,,,,,2026-04-30T10:57:12.073527
10.0.0.10,10.0.0.99,0x0011,0.000017280,0,,,,,,,,,,,,,,,,,,,,,,,,,,,,,,,2026-04-30T10:57:12.073653
10.0.0.99,10.0.0.10,0x0002,0.000000000,0,,,,,,,,,,,,,,,,,,,,,,,,,,,,,,,2026-04-30T10:57:12.073786
10.0.0.10,10.0.0.99,0x0012,0.000017585,0,,,,,,,,,,,,,,,,,,,,,,,,,,,,,,,2026-04-30T10:57:12.073926
10.0.0.99,10.0.0.10,0x0010,0.000010484,0,,,,,,,,,,,,,,,,,,,,,,,,,,,,,,,2026-04-30T10:57:12.074055
10.0.0.99,10.0.0.10,0x0018,0.000020742,18,,,,,True,False,0,False,False,False,False,0x02,,0x10,60,16,,,1,4,MQTT,,,,,4,,,,,2026-04-30T10:57:12.074264
10.0.0.10,10.0.0.99,0x0010,0.000004324,0,,,,,,,,,,,,,,,,,,,,,,,,,,,,,,,2026-04-30T10:57:12.074379
10.0.0.10,10.0.0.99,0x0018,0.000070430,4,0x00,False,False,5,,,,,,,,,,0x20,,2,,,2,,,,,,,,,,,,2026-04-30T10:57:12.074541
10.0.0.99,10.0.0.10,0x0010,0.000009914,0,,,,,,,,,,,,,,,,,,,,,,,,,,,,,,,2026-04-30T10:57:12.074668
10.0.0.10,10.0.0.99,0x0011,0.000014603,0,,,,,,,,,,,,,,,,,,,,,,,,,,,,,,,2026-04-30T10:57:12.074800
10.0.0.99,10.0.0.10,0x0018,0.009981167,7240,,,,,,,,,,,,,False,0x30,,16,58694b,,3,,,0,False,,,,,,,,2026-04-30T10:57:12.078737
10.0.0.10,10.0.0.99,0x0004,0.000019968,0,,,,,,,,,,,,,,,,,,,,,,,,,,,,,,,2026-04-30T10:57:12.079187
10.0.0.99,10.0.0.10,0x0018,0.000460150,7240,,,,,,,,,,,,,False,0x30,,16,58694b,,3,,,0,False,,,,,,,,2026-04-30T10:57:12.082339
10.0.0.10,10.0.0.99,0x0004,0.000016008,0,,,,,,,,,,,,,,,,,,,,,,,,,,,,,,,2026-04-30T10:57:12.082777
10.0.0.99,10.0.0.10,0x0018,0.010120645,7240,,,,,,,,,,,,,False,0x30,,16,4e4359,,3,,,0,False,,,,,,,,2026-04-30T10:57:12.086520
10.0.0.10,10.0.0.99,0x0004,0.000014758,0,,,,,,,,,,,,,,,,,,,,,,,,,,,,,,,2026-04-30T10:57:12.086957
10.0.0.99,10.0.0.10,0x0018,0.000591588,7240,,,,,,,,,,,,,False,0x30,,16,4e4359,,3,,,0,False,,,,,,,,2026-04-30T10:57:12.090336
10.0.0.10,10.0.0.99,0x0004,0.000013611,0,,,,,,,,,,,,,,,,,,,,,,,,,,,,,,,2026-04-30T10:57:12.090429
10.0.0.99,10.0.0.10,0x0018,0.010096309,7240,,,,,,,,,,,,,False,0x30,,16,656a4e,,3,,,0,False,,,,,,,,2026-04-30T10:57:12.094332
10.0.0.10,10.0.0.99,0x0004,0.000013506,0,,,,,,,,,,,,,,,,,,,,,,,,,,,,,,,2026-04-30T10:57:12.094745
10.0.0.99,10.0.0.10,0x0018,0.000591938,7240,,,,,,,,,,,,,False,0x30,,16,656a4e,,3,,,0,False,,,,,,,,2026-04-30T10:57:12.097698
10.0.0.10,10.0.0.99,0x0004,0.000009343,0,,,,,,,,,,,,,,,,,,,,,,,,,,,,,,,2026-04-30T10:57:12.098055
10.0.0.1,10.0.0.10,0x0002,0.000000000,0,,,,,,,,,,,,,,,,,,,,,,,,,,,,,,,2026-04-30T10:58:01.969842
10.0.0.10,10.0.0.1,0x0012,0.000048422,0,,,,,,,,,,,,,,,,,,,,,,,,,,,,,,,2026-04-30T10:58:02.219880
10.0.0.1,10.0.0.10,0x0010,0.002400204,0,,,,,,,,,,,,,,,,,,,,,,,,,,,,,,,2026-04-30T10:58:02.220107
10.0.0.1,10.0.0.10,0x0018,0.000029699,58,,,,,True,True,0,False,False,True,False,0xc2,,0x10,60,56,,,1,4,MQTT,,,,,4,,,,,2026-04-30T10:58:02.222110
10.0.0.10,10.0.0.1,0x0010,0.000018931,0,,,,,,,,,,,,,,,,,,,,,,,,,,,,,,,2026-04-30T10:58:02.222230
10.0.0.10,10.0.0.1,0x0018,0.000258276,4,0x00,False,False,5,,,,,,,,,,0x20,,2,,,2,,,,,,,,,,,,2026-04-30T10:58:02.222280
10.0.0.10,10.0.0.1,0x0011,0.000039912,0,,,,,,,,,,,,,,,,,,,,,,,,,,,,,,,2026-04-30T10:58:02.222319
10.0.0.1,10.0.0.10,0x0010,0.002762174,0,,,,,,,,,,,,,,,,,,,,,,,,,,,,,,,2026-04-30T10:58:02.222462
10.0.0.1,10.0.0.10,0x0010,0.040673934,0,,,,,,,,,,,,,,,,,,,,,,,,,,,,,,,2026-04-30T10:58:02.222526
10.0.0.2,10.0.0.10,0x0002,0.000000000,0,,,,,,,,,,,,,,,,,,,,,,,,,,,,,,,2026-04-30T10:58:15.275326
10.0.0.10,10.0.0.2,0x0012,0.000042760,0,,,,,,,,,,,,,,,,,,,,,,,,,,,,,,,2026-04-30T10:58:15.275418
10.0.0.2,10.0.0.10,0x0010,0.001672749,0,,,,,,,,,,,,,,,,,,,,,,,,,,,,,,,2026-04-30T10:58:15.275478
10.0.0.2,10.0.0.10,0x0018,0.000142564,58,,,,,True,True,0,False,False,True,False,0xc2,,0x10,60,56,,,1,4,MQTT,,,,,4,,,,,2026-04-30T10:58:15.275592
10.0.0.10,10.0.0.2,0x0010,0.000009936,0,,,,,,,,,,,,,,,,,,,,,,,,,,,,,,,2026-04-30T10:58:15.275663
10.0.0.10,10.0.0.2,0x0018,0.000055582,4,0x00,False,False,5,,,,,,,,,,0x20,,2,,,2,,,,,,,,,,,,2026-04-30T10:58:15.275885
10.0.0.10,10.0.0.2,0x0011,0.000025435,0,,,,,,,,,,,,,,,,,,,,,,,,,,,,,,,2026-04-30T10:58:15.275925
10.0.0.2,10.0.0.10,0x0010,0.002162384,0,,,,,,,,,,,,,,,,,,,,,,,,,,,,,,,2026-04-30T10:58:15.275944
10.0.0.2,10.0.0.10,0x0010,0.040401788,0,,,,,,,,,,,,,,,,,,,,,,,,,,,,,,,2026-04-30T10:58:15.275959
10.0.0.3,10.0.0.10,0x0002,0.000000000,0,,,,,,,,,,,,,,,,,,,,,,,,,,,,,,,2026-04-30T10:58:22.706203
10.0.0.10,10.0.0.3,0x0012,0.000034156,0,,,,,,,,,,,,,,,,,,,,,,,,,,,,,,,2026-04-30T10:58:22.956907
10.0.0.3,10.0.0.10,0x0010,0.002141349,0,,,,,,,,,,,,,,,,,,,,,,,,,,,,,,,2026-04-30T10:58:22.957098
10.0.0.3,10.0.0.10,0x0018,0.000080022,58,,,,,True,True,0,False,False,True,False,0xc2,,0x10,60,56,,,1,4,MQTT,,,,,4,,,,,2026-04-30T10:58:22.959125
10.0.0.10,10.0.0.3,0x0010,0.000013912,0,,,,,,,,,,,,,,,,,,,,,,,,,,,,,,,2026-04-30T10:58:22.959247
10.0.0.10,10.0.0.3,0x0018,0.000404529,4,0x00,False,False,5,,,,,,,,,,0x20,,2,,,2,,,,,,,,,,,,2026-04-30T10:58:22.959304
10.0.0.10,10.0.0.3,0x0011,0.000046694,0,,,,,,,,,,,,,,,,,,,,,,,,,,,,,,,2026-04-30T10:58:22.959343
10.0.0.3,10.0.0.10,0x0010,0.002949421,0,,,,,,,,,,,,,,,,,,,,,,,,,,,,,,,2026-04-30T10:58:22.959377
10.0.0.3,10.0.0.10,0x0010,0.040913620,0,,,,,,,,,,,,,,,,,,,,,,,,,,,,,,,2026-04-30T10:58:22.959411
